"delivery_id","order_id","delivery_status","delivery_duration_hours","manual_route_override_count","customer_rating_post_delivery","delivery_risk_level"
"DL00001","O00938","Failed",22.1499734197222,1,3.07,"High Risk"
"DL00002","O00004","OnTime",NA,1,5,"Medium Risk"
"DL00003","O00639","OnTime",1.10899076944444,0,4.98,"Low Risk"
"DL00004","O00313","Delayed",23.9855843616667,0,4.18,"High Risk"
"DL00005","O00844","OnTime",4.04281418222222,1,4.18,"Medium Risk"
"DL00006","O00029","Delayed",28.5312180191667,0,1.57,"High Risk"
"DL00007","O00097","Delayed",33.9697424583333,0,4.64,"High Risk"
"DL00008","O00207","OnTime",1.80598087833333,1,3.76,"Medium Risk"
"DL00009","O00297","OnTime",3.76463146888889,1,3.7,"Medium Risk"
"DL00010","O00836","Failed",6.1080976275,1,3.2,"High Risk"
"DL00011","O00202","OnTime",NA,0,4.36,"Low Risk"
"DL00012","O01207","Failed",13.7514965755556,3,NA,"High Risk"
"DL00013","O01031","OnTime",2.07523170194444,2,3.96,"Medium Risk"
"DL00014","O00725","OnTime",8.17883213888889,0,3.67,"High Risk"
"DL00015","O00394","OnTime",9.48224462055556,3,4.47,"High Risk"
"DL00016","O01220","OnTime",3.066883405,1,5,"Medium Risk"
"DL00017","O01249","Delayed",8.66169072944444,0,1,"High Risk"
"DL00018","O00611","OnTime",NA,0,4.46,"Low Risk"
"DL00019","O01167","OnTime",7.9114644675,4,4.97,"High Risk"
"DL00020","O00054","OnTime",1.69383094666667,0,4.15,"Low Risk"
"DL00021","O00250","OnTime",21.0146990316667,4,4.07,"High Risk"
"DL00022","O01027","Failed",4.07769873444444,0,3.5,"Medium Risk"
"DL00023","O00768","OnTime",1.35316462722222,1,5,"Medium Risk"
"DL00024","O01054","OnTime",3.64572256583333,0,4.78,"Medium Risk"
"DL00025","O00288","OnTime",2.67101810722222,0,5,"Low Risk"
"DL00026","O00906","Failed",38.5460643644444,2,2.23,"High Risk"
"DL00027","O00827","OnTime",20.8919270911111,0,4.15,"High Risk"
"DL00028","O00087","Delayed",12.3834425277778,2,2.7,"High Risk"
"DL00029","O00723","OnTime",NA,1,3.72,"Medium Risk"
"DL00030","O00780","OnTime",0.420137305,1,4.1,"Medium Risk"
"DL00031","O00830","OnTime",NA,0,4.1,"Low Risk"
"DL00032","O00010","OnTime",2.99620672333333,1,4.23,"Medium Risk"
"DL00033","O00885","Failed",40.8403336927778,0,4.13,"High Risk"
"DL00034","O01081","Delayed",17.2325151688889,0,4.4,"High Risk"
"DL00035","O00275","OnTime",4.35415240277778,0,4.96,"Medium Risk"
"DL00036","O00652","OnTime",5.92026879361111,1,4.35,"Medium Risk"
"DL00037","O00185","OnTime",23.7688120897222,1,4.21,"High Risk"
"DL00038","O00727","Failed",1.20318841555556,2,3.43,"Medium Risk"
"DL00039","O00542","Failed",12.4126847097222,1,2.51,"High Risk"
"DL00040","O00919","Failed",19.4431339688889,1,1.68,"High Risk"
"DL00041","O00750","Failed",10.9270545191667,3,2.94,"High Risk"
"DL00042","O00009","OnTime",9.74842594833333,0,4.45,"High Risk"
"DL00043","O00453","OnTime",4.75794156777778,0,4.24,"Medium Risk"
"DL00044","O00147","OnTime",2.56191684361111,0,4.34,"Low Risk"
"DL00045","O00924","OnTime",20.517103535,1,5,"High Risk"
"DL00046","O00101","OnTime",23.4114980075,2,3.09,"High Risk"
"DL00047","O00263","OnTime",NA,0,5,"Low Risk"
"DL00048","O00358","Delayed",4.53080336222222,0,3.33,"Medium Risk"
"DL00049","O01076","OnTime",6.39174879222222,0,3.52,"High Risk"
"DL00050","O00534","OnTime",NA,0,5,"Low Risk"
"DL00051","O00785","OnTime",0.647893267777778,0,4.31,"Low Risk"
"DL00052","O00554","Delayed",10.3403619469444,1,2.52,"High Risk"
"DL00053","O00302","OnTime",22.4748862930556,0,3.63,"High Risk"
"DL00054","O01044","Delayed",12.9483834458333,1,4.7,"High Risk"
"DL00055","O00819","Delayed",7.134617955,5,2.78,"High Risk"
"DL00056","O00698","OnTime",0.255361951666667,2,4.01,"Medium Risk"
"DL00057","O00921","Failed",9.42772814083333,0,1.22,"High Risk"
"DL00058","O01062","OnTime",3.61608898722222,0,5,"Medium Risk"
"DL00059","O00521","Delayed",4.71317299638889,3,3.11,"High Risk"
"DL00060","O00236","Delayed",NA,1,2.35,"High Risk"
"DL00061","O00635","OnTime",NA,1,3.8,"Medium Risk"
"DL00062","O00567","OnTime",23.0150770227778,0,5,"High Risk"
"DL00063","O00931","OnTime",3.71051530333333,0,5,"Medium Risk"
"DL00064","O01236","Delayed",23.0230347127778,0,2.34,"High Risk"
"DL00065","O01234","OnTime",NA,1,4.63,"Medium Risk"
"DL00066","O00568","OnTime",3.57577968916667,0,4.03,"Medium Risk"
"DL00067","O00842","OnTime",9.77071474861111,1,4.61,"High Risk"
"DL00068","O00828","Failed",36.5436977372222,1,3.73,"High Risk"
"DL00069","O01039","Failed",7.95088186194444,1,4.17,"High Risk"
"DL00070","O00370","OnTime",3.34428722638889,0,4.64,"Medium Risk"
"DL00071","O00796","Delayed",15.7366618797222,1,3.57,"High Risk"
"DL00072","O00402","Delayed",13.0274007538889,0,3.28,"High Risk"
"DL00073","O00421","OnTime",22.6945900577778,3,4.68,"High Risk"
"DL00074","O01195","Failed",15.3385689477778,1,4.42,"High Risk"
"DL00075","O01239","OnTime",0.96787423,3,3.24,"High Risk"
"DL00076","O00815","OnTime",24.7115665588889,3,5,"High Risk"
"DL00077","O01040","Delayed",13.5961152975,3,2.81,"High Risk"
"DL00078","O00173","Failed",19.1469942294444,1,2.87,"High Risk"
"DL00079","O00920","OnTime",11.8334893508333,0,4.91,"High Risk"
"DL00080","O01137","OnTime",0.183333333333333,0,4.42,"Low Risk"
"DL00081","O00716","Delayed",12.6784983477778,1,3.58,"High Risk"
"DL00082","O00669","OnTime",9.10485838305556,1,4.76,"High Risk"
"DL00083","O00451","Delayed",19.0912334741667,0,1.44,"High Risk"
"DL00084","O00784","Failed",28.3264820238889,0,3.63,"High Risk"
"DL00085","O00160","OnTime",NA,5,3.85,"High Risk"
"DL00086","O01013","OnTime",2.119796355,0,3.75,"Low Risk"
"DL00087","O00630","OnTime",0.344445824722222,0,4.11,"Low Risk"
"DL00088","O00657","OnTime",3.55318016138889,0,4.43,"Medium Risk"
"DL00089","O00241","Failed",5.02619736916667,0,2.56,"High Risk"
"DL00090","O01097","OnTime",9.65883588416667,3,4.76,"High Risk"
"DL00091","O00941","OnTime",NA,0,5,"Low Risk"
"DL00092","O00736","OnTime",10.1476112069444,1,4.72,"High Risk"
"DL00093","O00579","OnTime",0.586220146388889,3,3.69,"High Risk"
"DL00094","O01026","Delayed",10.7616760208333,0,3.72,"High Risk"
"DL00095","O00416","OnTime",NA,1,5,"Medium Risk"
"DL00096","O00961","Delayed",NA,0,3.24,"Low Risk"
"DL00097","O00794","Failed",27.0215039805556,1,3.58,"High Risk"
"DL00098","O00631","Failed",6.528936965,1,4.43,"High Risk"
"DL00099","O00835","OnTime",2.94413137083333,2,4.75,"Medium Risk"
"DL00100","O00205","Failed",14.4649300463889,0,3.14,"High Risk"
"DL00101","O00354","OnTime",1.2130574375,0,4.12,"Low Risk"
"DL00102","O00578","Delayed",3.93272502555556,0,3.08,"Medium Risk"
"DL00103","O00269","Failed",20.637739445,2,2.24,"High Risk"
"DL00104","O00390","OnTime",7.30530233694444,0,4.45,"High Risk"
"DL00105","O00596","OnTime",6.76434065833333,0,3.73,"High Risk"
"DL00106","O00039","OnTime",3.81250164083333,0,4.92,"Medium Risk"
"DL00107","O00175","OnTime",1.06715440111111,1,4.69,"Medium Risk"
"DL00108","O00620","OnTime",1.41521653111111,1,4.73,"Medium Risk"
"DL00109","O00019","OnTime",3.30804045555556,1,3.52,"Medium Risk"
"DL00110","O00045","OnTime",3.86040270138889,1,4.74,"Medium Risk"
"DL00111","O00105","OnTime",NA,0,5,"Low Risk"
"DL00112","O00848","OnTime",5.78101685861111,3,3.68,"High Risk"
"DL00113","O00607","OnTime",11.7322145833333,0,2.94,"High Risk"
"DL00114","O01196","Delayed",17.2821293522222,0,2.62,"High Risk"
"DL00115","O01132","OnTime",0.822055248611111,1,4.35,"Medium Risk"
"DL00116","O00121","Delayed",18.3643653411111,0,2.92,"High Risk"
"DL00117","O00559","Delayed",14.8490830477778,0,2.46,"High Risk"
"DL00118","O00660","Failed",14.6360170780556,3,2.16,"High Risk"
"DL00119","O01011","Failed",30.9812147833333,3,1.71,"High Risk"
"DL00120","O00007","Delayed",8.921543125,1,3.93,"High Risk"
"DL00121","O00091","OnTime",7.28243597666667,0,3.92,"High Risk"
"DL00122","O00434","OnTime",NA,4,4.63,"High Risk"
"DL00123","O00284","OnTime",19.7578339355556,2,4.75,"High Risk"
"DL00124","O00210","OnTime",3.93307901138889,2,4.78,"Medium Risk"
"DL00125","O00472","OnTime",2.57892618388889,3,3.68,"High Risk"
"DL00126","O00547","Delayed",28.5911525436111,0,2.6,"High Risk"
"DL00127","O01072","Delayed",17.8194671422222,2,2.12,"High Risk"
"DL00128","O00868","OnTime",2.39636574694444,0,4.47,"Low Risk"
"DL00129","O00425","OnTime",3.43620693611111,3,5,"High Risk"
"DL00130","O00400","OnTime",3.81973293111111,0,3.87,"Medium Risk"
"DL00131","O00890","OnTime",22.3680220716667,0,4.33,"High Risk"
"DL00132","O00688","OnTime",7.55281209944444,0,4.62,"High Risk"
"DL00133","O00761","OnTime",12.0049413033333,1,3.29,"High Risk"
"DL00134","O00334","OnTime",2.76585573277778,0,3.88,"Low Risk"
"DL00135","O00225","Failed",20.7226664744444,2,3.6,"High Risk"
"DL00136","O00527","OnTime",4.45395094333333,1,4.45,"Medium Risk"
"DL00137","O01216","Delayed",4.41638135333333,2,2.72,"High Risk"
"DL00138","O00705","OnTime",6.03426900833333,2,4.75,"High Risk"
"DL00139","O01215","OnTime",9.24419512777778,0,3.57,"High Risk"
"DL00140","O00656","Delayed",8.54392326,0,2.23,"High Risk"
"DL00141","O00021","OnTime",0.3095122,1,4.77,"Medium Risk"
"DL00142","O00612","OnTime",4.03110118027778,2,3.27,"Medium Risk"
"DL00143","O00757","Delayed",16.5449957738889,0,3.64,"High Risk"
"DL00144","O00170","OnTime",2.68087586861111,4,4.84,"High Risk"
"DL00145","O00668","OnTime",4.86266446888889,2,3.95,"Medium Risk"
"DL00146","O00058","OnTime",2.94757624027778,0,4.37,"Low Risk"
"DL00147","O01116","OnTime",4.72974741416667,1,4.08,"Medium Risk"
"DL00148","O00817","OnTime",2.13536504166667,1,4.04,"Medium Risk"
"DL00149","O00789","OnTime",4.8902855825,2,3.83,"Medium Risk"
"DL00150","O01164","Delayed",12.3030404555556,0,2.83,"High Risk"
"DL00151","O00376","OnTime",9.68121667722222,1,4.77,"High Risk"
"DL00152","O00146","OnTime",11.8198181366667,0,4.71,"High Risk"
"DL00153","O00893","Failed",17.2544595330556,1,3.96,"High Risk"
"DL00154","O00071","Failed",1.34064361861111,1,4.2,"Medium Risk"
"DL00155","O00061","OnTime",5.21631909055556,1,4.46,"Medium Risk"
"DL00156","O01086","Delayed",12.3885378288889,2,2.18,"High Risk"
"DL00157","O01089","OnTime",2.61016837527778,2,5,"Medium Risk"
"DL00158","O00643","Delayed",5.35945045944444,3,3.8,"High Risk"
"DL00159","O00213","OnTime",12.1052052466667,0,5,"High Risk"
"DL00160","O00874","OnTime",4.90882256222222,1,5,"Medium Risk"
"DL00161","O00624","OnTime",24.5612001175,0,4.28,"High Risk"
"DL00162","O00854","OnTime",5.67832376888889,0,4.84,"Medium Risk"
"DL00163","O01007","Delayed",24.6738687455556,0,2.51,"High Risk"
"DL00164","O00066","OnTime",3.17524954388889,0,3.9,"Medium Risk"
"DL00165","O00852","Delayed",10.2704759316667,0,4.55,"High Risk"
"DL00166","O00904","Failed",14.4244719488889,0,2.08,"High Risk"
"DL00167","O00932","Failed",11.6305800286111,0,2.56,"High Risk"
"DL00168","O00126","Delayed",17.9889543841667,2,4.3,"High Risk"
"DL00169","O00996","OnTime",0.286144278888889,2,4.08,"Medium Risk"
"DL00170","O00363","OnTime",1.72939650222222,0,4.07,"Low Risk"
"DL00171","O01055","OnTime",4.08485739666667,1,4.35,"Medium Risk"
"DL00172","O00127","Delayed",11.9189371877778,2,4.36,"High Risk"
"DL00173","O00459","Delayed",30.4298043525,0,3.88,"High Risk"
"DL00174","O00162","OnTime",10.4108454588889,2,4.18,"High Risk"
"DL00175","O00583","OnTime",3.29601014111111,1,3.93,"Medium Risk"
"DL00176","O01200","OnTime",4.82896327722222,0,4.36,"Medium Risk"
"DL00177","O00164","OnTime",21.3923966572222,0,4.85,"High Risk"
"DL00178","O01166","Failed",9.33821056083333,2,3.36,"High Risk"
"DL00179","O00493","Delayed",15.4669769741667,1,2.32,"High Risk"
"DL00180","O00137","OnTime",10.6480325211111,0,4.25,"High Risk"
"DL00181","O00450","OnTime",0.195267081111111,1,5,"Medium Risk"
"DL00182","O00096","OnTime",0.671285501111111,0,4.64,"Low Risk"
"DL00183","O00808","OnTime",4.71490952472222,0,4.23,"Medium Risk"
"DL00184","O01005","Failed",30.9287230705556,0,2.96,"High Risk"
"DL00185","O01217","OnTime",11.2323605791667,3,4.76,"High Risk"
"DL00186","O00798","OnTime",2.73744478916667,1,4.91,"Medium Risk"
"DL00187","O00439","Failed",17.1577406422222,1,1.53,"High Risk"
"DL00188","O00739","OnTime",9.85762129111111,0,5,"High Risk"
"DL00189","O01227","Failed",6.52307417527778,1,2.43,"High Risk"
"DL00190","O00875","OnTime",9.3908798175,0,4.79,"High Risk"
"DL00191","O00755","OnTime",7.04923231361111,0,3.48,"High Risk"
"DL00192","O00118","OnTime",5.11960844361111,0,4.64,"Medium Risk"
"DL00193","O00032","OnTime",NA,4,3.54,"High Risk"
"DL00194","O00422","Delayed",12.7945925102778,2,2.58,"High Risk"
"DL00195","O00462","Delayed",10.7222662436111,1,1.04,"High Risk"
"DL00196","O00469","OnTime",0.0499648947222222,1,3.85,"Medium Risk"
"DL00197","O00478","OnTime",0.947474436666667,0,5,"Low Risk"
"DL00198","O00465","Delayed",5.2187851375,0,3.38,"Medium Risk"
"DL00199","O00821","OnTime",5.22622181,1,4.36,"Medium Risk"
"DL00200","O00406","OnTime",0.787435329444444,2,4.38,"Medium Risk"
"DL00201","O00008","OnTime",0.415725502777778,0,5,"Low Risk"
"DL00202","O01057","Delayed",5.41628448277778,2,3.67,"Medium Risk"
"DL00203","O00901","Delayed",7.3029385625,2,4.52,"High Risk"
"DL00204","O00025","OnTime",7.07435556111111,1,4.64,"High Risk"
"DL00205","O00375","OnTime",2.79289705916667,3,4.17,"High Risk"
"DL00206","O00634","OnTime",3.44667596833333,1,4.49,"Medium Risk"
"DL00207","O01035","OnTime",6.12235640555556,1,4.4,"High Risk"
"DL00208","O00964","Failed",19.0587532666667,0,3.09,"High Risk"
"DL00209","O01154","OnTime",NA,1,4.31,"Medium Risk"
"DL00210","O01191","Delayed",4.28264775194444,3,3.43,"High Risk"
"DL00211","O01017","OnTime",3.23816282916667,1,4.57,"Medium Risk"
"DL00212","O01105","Delayed",23.4917101616667,1,4.29,"High Risk"
"DL00213","O00807","OnTime",2.18894009944444,0,4.33,"Low Risk"
"DL00214","O00552","OnTime",3.21854858333333,0,3.02,"Medium Risk"
"DL00215","O01042","Delayed",18.8722566272222,1,4.79,"High Risk"
"DL00216","O00167","OnTime",22.5455554572222,0,3.37,"High Risk"
"DL00217","O01194","OnTime",NA,1,4.41,"Medium Risk"
"DL00218","O00136","Delayed",5.71412910361111,1,3.27,"Medium Risk"
"DL00219","O00513","OnTime",3.46070926194444,1,4.59,"Medium Risk"
"DL00220","O00859","OnTime",4.7141540325,4,5,"High Risk"
"DL00221","O00594","OnTime",1.26228340916667,3,3.25,"High Risk"
"DL00222","O01010","OnTime",2.83274727083333,0,5,"Low Risk"
"DL00223","O00740","Delayed",5.2988431775,0,3.19,"Medium Risk"
"DL00224","O00960","OnTime",0.216666666666667,0,3.79,"Low Risk"
"DL00225","O00056","OnTime",4.15058196444444,2,3.98,"Medium Risk"
"DL00226","O00823","Delayed",12.3877641680556,0,2.17,"High Risk"
"DL00227","O01138","OnTime",1.78443713666667,2,4.65,"Medium Risk"
"DL00228","O01094","OnTime",NA,2,4.05,"Medium Risk"
"DL00229","O00518","OnTime",11.2340321822222,0,3.97,"High Risk"
"DL00230","O00303","Failed",19.2662264358333,1,2.34,"High Risk"
"DL00231","O00670","OnTime",3.24431203444444,0,4.72,"Medium Risk"
"DL00232","O00397","OnTime",13.5217358794444,1,3.71,"High Risk"
"DL00233","O01173","OnTime",6.40141240444444,0,4.5,"High Risk"
"DL00234","O00340","OnTime",2.69612495777778,1,2.88,"High Risk"
"DL00235","O00507","Failed",20.3855810477778,0,3.68,"High Risk"
"DL00236","O00013","OnTime",21.8506650841667,2,3.74,"High Risk"
"DL00237","O00082","OnTime",9.20438222916667,1,3.62,"High Risk"
"DL00238","O00979","OnTime",10.2334652869444,2,4.02,"High Risk"
"DL00239","O00052","Delayed",16.1216710752778,1,3.72,"High Risk"
"DL00240","O01169","Failed",10.2470344197222,1,3.34,"High Risk"
"DL00241","O00187","OnTime",10.2527345786111,0,5,"High Risk"
"DL00242","O00119","Delayed",9.17716415611111,2,1.93,"High Risk"
"DL00243","O00544","OnTime",23.6482616613889,1,4.52,"High Risk"
"DL00244","O00610","OnTime",22.2076175530556,0,4.87,"High Risk"
"DL00245","O01206","OnTime",3.20551305222222,1,4.28,"Medium Risk"
"DL00246","O00603","OnTime",20.3479973983333,0,4.05,"High Risk"
"DL00247","O00881","OnTime",5.52132450083333,0,NA,"Medium Risk"
"DL00248","O00799","OnTime",23.5212970311111,1,5,"High Risk"
"DL00249","O00770","Delayed",7.97512301777778,0,3.02,"High Risk"
"DL00250","O00977","OnTime",1.92439591027778,0,4.03,"Low Risk"
"DL00251","O00122","Failed",14.7676578525,0,3.89,"High Risk"
"DL00252","O00713","OnTime",4.06792562388889,0,4.06,"Medium Risk"
"DL00253","O00325","OnTime",1.43962052611111,1,4.24,"Medium Risk"
"DL00254","O00933","OnTime",4.86859231916667,1,4.09,"Medium Risk"
"DL00255","O00908","Delayed",10.6372001155556,3,3.35,"High Risk"
"DL00256","O00389","Delayed",7.16039883972222,1,3.16,"High Risk"
"DL00257","O00103","Delayed",22.4713455894444,1,3.54,"High Risk"
"DL00258","O01230","Delayed",6.68601475777778,2,3.74,"High Risk"
"DL00259","O00266","Delayed",5.61063663861111,1,1,"High Risk"
"DL00260","O00152","OnTime",21.2788673158333,0,3.32,"High Risk"
"DL00261","O00445","Failed",10.5641522383333,1,3.18,"High Risk"
"DL00262","O00762","OnTime",0.947203060555556,0,4.14,"Low Risk"
"DL00263","O01006","Delayed",13.9714389777778,1,2.55,"High Risk"
"DL00264","O00802","OnTime",24.7849037866667,0,4.33,"High Risk"
"DL00265","O00253","OnTime",2.63669929277778,0,4.54,"Low Risk"
"DL00266","O01041","OnTime",NA,0,4.73,"Low Risk"
"DL00267","O00665","OnTime",1.75430589805556,1,4.96,"Medium Risk"
"DL00268","O00030","OnTime",NA,1,3.88,"Medium Risk"
"DL00269","O00131","Delayed",34.5195342722222,1,1.96,"High Risk"
"DL00270","O00764","Failed",14.2659561663889,1,4.29,"High Risk"
"DL00271","O00193","Delayed",8.6823979225,2,4.25,"High Risk"
"DL00272","O00494","OnTime",NA,1,4.27,"Medium Risk"
"DL00273","O00492","OnTime",3.19163057555556,0,2.95,"High Risk"
"DL00274","O01198","OnTime",1.47478036777778,0,4.14,"Low Risk"
"DL00275","O00697","OnTime",4.83751375055556,0,4.25,"Medium Risk"
"DL00276","O00531","OnTime",21.6642272380556,2,4.17,"High Risk"
"DL00277","O00942","OnTime",9.69098513111111,2,4.03,"High Risk"
"DL00278","O00203","Failed",16.7317896316667,2,3.49,"High Risk"
"DL00279","O00201","OnTime",3.447650815,2,4.15,"Medium Risk"
"DL00280","O00535","OnTime",NA,1,4.63,"Medium Risk"
"DL00281","O00801","OnTime",3.17005895305556,1,4.79,"Medium Risk"
"DL00282","O01232","OnTime",4.07501235166667,1,3.5,"Medium Risk"
"DL00283","O01212","OnTime",NA,2,3.76,"Medium Risk"
"DL00284","O00999","OnTime",20.0001778886111,0,3.73,"High Risk"
"DL00285","O00442","OnTime",2.78497277777778,0,4.95,"Low Risk"
"DL00286","O00059","Delayed",NA,0,3.32,"Low Risk"
"DL00287","O00352","OnTime",4.40681887138889,2,4.24,"Medium Risk"
"DL00288","O00636","Delayed",11.1298403516667,0,1,"High Risk"
"DL00289","O00233","OnTime",NA,3,4.34,"High Risk"
"DL00290","O00524","OnTime",2.34596519222222,0,5,"Low Risk"
"DL00291","O00485","OnTime",1.81734594111111,1,3.97,"Medium Risk"
"DL00292","O00811","OnTime",3.77371662194444,1,4.41,"Medium Risk"
"DL00293","O00888","OnTime",3.08870143361111,1,3.97,"Medium Risk"
"DL00294","O00443","OnTime",8.9841282425,0,4.39,"High Risk"
"DL00295","O01101","OnTime",4.43891418083333,2,5,"Medium Risk"
"DL00296","O01064","Delayed",14.3242903522222,2,4.7,"High Risk"
"DL00297","O01109","OnTime",NA,1,3.55,"Medium Risk"
"DL00298","O01051","Delayed",16.1159395211111,0,3.03,"High Risk"
"DL00299","O01061","OnTime",1.11485943972222,3,4.49,"High Risk"
"DL00300","O00222","OnTime",NA,1,3.41,"Medium Risk"
"DL00301","O01152","OnTime",23.0018222677778,0,5,"High Risk"
"DL00302","O01208","OnTime",12.1041108408333,0,3.6,"High Risk"
"DL00303","O00813","OnTime",4.80293931083333,1,5,"Medium Risk"
"DL00304","O00433","Failed",14.3190855194444,0,2.83,"High Risk"
"DL00305","O00584","OnTime",3.31373503638889,0,3.81,"Medium Risk"
"DL00306","O01168","Delayed",11.7217512563889,4,2.96,"High Risk"
"DL00307","O00699","OnTime",9.15147940805556,1,3.9,"High Risk"
"DL00308","O00495","OnTime",6.55243333722222,0,3.55,"High Risk"
"DL00309","O00783","OnTime",3.22337046083333,0,3.2,"Medium Risk"
"DL00310","O00285","OnTime",7.65988275861111,2,4.67,"High Risk"
"DL00311","O00797","OnTime",3.70544378694444,2,5,"Medium Risk"
"DL00312","O00204","Failed",18.5920086511111,0,4.79,"High Risk"
"DL00313","O00601","OnTime",6.43823258472222,2,3.9,"High Risk"
"DL00314","O00499","OnTime",2.19555308416667,2,4.16,"Medium Risk"
"DL00315","O01107","Delayed",18.2309276305556,2,4.22,"High Risk"
"DL00316","O00081","Failed",16.4849312044444,1,4.11,"High Risk"
"DL00317","O00711","OnTime",1.66168930083333,1,4.67,"Medium Risk"
"DL00318","O00281","OnTime",1.82217518805556,3,4.48,"High Risk"
"DL00319","O00937","Failed",19.2404365791667,0,2.72,"High Risk"
"DL00320","O01030","OnTime",3.93201284305556,1,5,"Medium Risk"
"DL00321","O00438","OnTime",3.71481253194444,3,4.26,"High Risk"
"DL00322","O01025","Delayed",15.1753897977778,1,5,"High Risk"
"DL00323","O00666","OnTime",25.0294871013889,3,4.21,"High Risk"
"DL00324","O00455","Failed",5.21424252888889,1,3.21,"Medium Risk"
"DL00325","O00582","OnTime",NA,0,5,"Low Risk"
"DL00326","O00500","OnTime",12.2164729894444,0,4.02,"High Risk"
"DL00327","O00418","OnTime",12.0464951861111,0,4.78,"High Risk"
"DL00328","O00060","OnTime",4.8058266325,1,3.26,"Medium Risk"
"DL00329","O00805","OnTime",2.83594735222222,0,4.03,"Low Risk"
"DL00330","O00246","Failed",18.0944591191667,1,2.59,"High Risk"
"DL00331","O01059","OnTime",3.11971999,2,3.72,"Medium Risk"
"DL00332","O00949","Delayed",27.1914508105556,1,3.42,"High Risk"
"DL00333","O00930","Delayed",7.26416621555556,0,1.76,"High Risk"
"DL00334","O00925","Failed",18.4949898480556,0,3.01,"High Risk"
"DL00335","O00347","OnTime",11.259154015,0,4.4,"High Risk"
"DL00336","O00891","OnTime",NA,1,3.73,"Medium Risk"
"DL00337","O00659","OnTime",10.1027160752778,1,4.48,"High Risk"
"DL00338","O00331","OnTime",4.91438326944444,2,4.32,"Medium Risk"
"DL00339","O00593","Delayed",4.93050828527778,0,1.57,"High Risk"
"DL00340","O00435","OnTime",1.25712909277778,0,3.8,"Low Risk"
"DL00341","O01203","OnTime",23.7029328227778,0,3.72,"High Risk"
"DL00342","O00123","Failed",20.5024797994444,0,2.47,"High Risk"
"DL00343","O00505","OnTime",13.2798285766667,1,2.98,"High Risk"
"DL00344","O00238","OnTime",3.37337819388889,0,5,"Medium Risk"
"DL00345","O01175","OnTime",NA,1,4.22,"Medium Risk"
"DL00346","O00614","OnTime",NA,1,3.93,"Medium Risk"
"DL00347","O00343","Delayed",9.50005190583333,0,3.94,"High Risk"
"DL00348","O00754","Delayed",16.7320990027778,4,2.89,"High Risk"
"DL00349","O00231","Delayed",7.57550139694444,0,2.75,"High Risk"
"DL00350","O01209","Failed",5.92747737388889,1,3.05,"Medium Risk"
"DL00351","O00069","OnTime",11.4861161888889,0,4.53,"High Risk"
"DL00352","O00989","Failed",15.3931284194444,0,2.25,"High Risk"
"DL00353","O00159","OnTime",10.2874722802778,0,3.9,"High Risk"
"DL00354","O00776","OnTime",4.36700607833333,0,4.54,"Medium Risk"
"DL00355","O00561","Delayed",8.3832827975,1,3.96,"High Risk"
"DL00356","O01181","OnTime",3.64230817805556,0,4.84,"Medium Risk"
"DL00357","O00235","Delayed",12.5175350022222,1,3.27,"High Risk"
"DL00358","O00497","Delayed",24.3298066797222,1,3.57,"High Risk"
"DL00359","O00654","Delayed",33.5989269655556,1,2.94,"High Risk"
"DL00360","O00595","Delayed",18.5887370241667,1,2.59,"High Risk"
"DL00361","O00377","OnTime",12.1167663511111,0,4.4,"High Risk"
"DL00362","O00460","OnTime",1.22204535583333,0,3.51,"Low Risk"
"DL00363","O00710","OnTime",5.774833975,1,5,"Medium Risk"
"DL00364","O00277","OnTime",6.45886197361111,1,3.98,"High Risk"
"DL00365","O00861","OnTime",0.416963586666667,0,4.19,"Low Risk"
"DL00366","O00910","OnTime",7.56539452361111,0,3.63,"High Risk"
"DL00367","O00575","Delayed",13.1111894558333,0,2.94,"High Risk"
"DL00368","O00474","OnTime",NA,2,3.94,"Medium Risk"
"DL00369","O00366","Delayed",31.63792523,0,1.44,"High Risk"
"DL00370","O00902","Delayed",8.10676144944444,3,1.24,"High Risk"
"DL00371","O01079","OnTime",23.5524290136111,0,3.57,"High Risk"
"DL00372","O00300","OnTime",2.57211860305556,0,4.87,"Low Risk"
"DL00373","O00282","Delayed",16.9981118547222,0,NA,"High Risk"
"DL00374","O00841","OnTime",7.35600207694444,5,3.73,"High Risk"
"DL00375","O00466","OnTime",5.20247926527778,1,4.22,"Medium Risk"
"DL00376","O01104","OnTime",11.0792430255556,0,4.51,"High Risk"
"DL00377","O00510","Failed",15.3299418025,4,2.23,"High Risk"
"DL00378","O00070","Failed",16.5539039727778,0,2.14,"High Risk"
"DL00379","O01127","OnTime",NA,1,3.6,"Medium Risk"
"DL00380","O00120","OnTime",5.15918762138889,2,3.71,"Medium Risk"
"DL00381","O00488","OnTime",5.80361584166667,0,5,"Medium Risk"
"DL00382","O00141","OnTime",NA,0,4.39,"Low Risk"
"DL00383","O00846","Delayed",6.92675940555556,1,2.92,"High Risk"
"DL00384","O00618","Failed",25.3644553838889,4,2.82,"High Risk"
"DL00385","O00617","OnTime",NA,1,4.44,"Medium Risk"
"DL00386","O00135","Failed",43.4569181980556,1,3.35,"High Risk"
"DL00387","O00274","Failed",42.1266387325,0,2.85,"High Risk"
"DL00388","O00886","OnTime",2.64452061888889,1,4.64,"Medium Risk"
"DL00389","O00649","OnTime",4.63867528666667,1,4.57,"Medium Risk"
"DL00390","O01242","OnTime",NA,0,4.75,"Low Risk"
"DL00391","O00242","OnTime",2.49714395694444,0,3.63,"Low Risk"
"DL00392","O00832","Delayed",13.6842987377778,1,1.15,"High Risk"
"DL00393","O01128","Failed",7.65323881111111,1,3.11,"High Risk"
"DL00394","O00718","OnTime",2.12510155166667,0,4.14,"Low Risk"
"DL00395","O00219","OnTime",1.71511843055556,0,4.29,"Low Risk"
"DL00396","O01093","OnTime",9.22872180777778,2,4.55,"High Risk"
"DL00397","O01199","Delayed",2.26584852888889,2,4.61,"Medium Risk"
"DL00398","O00671","Delayed",5.87723093194444,1,3.08,"Medium Risk"
"DL00399","O00966","Delayed",16.53967135,1,2.38,"High Risk"
"DL00400","O00867","Failed",22.2873852375,2,2.48,"High Risk"
"DL00401","O00870","OnTime",8.89585342138889,0,4.47,"High Risk"
"DL00402","O00539","OnTime",2.02103393555556,0,5,"Low Risk"
"DL00403","O00044","OnTime",2.61191265833333,1,4.58,"Medium Risk"
"DL00404","O00502","OnTime",0.621631021111111,0,3.14,"Low Risk"
"DL00405","O00684","OnTime",21.0308255908333,0,NA,"High Risk"
"DL00406","O00720","OnTime",NA,1,5,"Medium Risk"
"DL00407","O00598","OnTime",21.9680917863889,0,4.04,"High Risk"
"DL00408","O01019","OnTime",3.15122944583333,0,3.3,"Medium Risk"
"DL00409","O00348","OnTime",NA,0,2.89,"High Risk"
"DL00410","O00249","Delayed",6.30168758972222,3,4.44,"High Risk"
"DL00411","O00108","OnTime",7.72301086416667,0,4.68,"High Risk"
"DL00412","O00156","OnTime",5.56503560972222,0,4.63,"Medium Risk"
"DL00413","O01077","Failed",11.046133135,1,4.22,"High Risk"
"DL00414","O00704","OnTime",2.90696625805556,1,5,"Medium Risk"
"DL00415","O01145","OnTime",24.1533822247222,0,4.23,"High Risk"
"DL00416","O00293","OnTime",5.87849044388889,1,4.01,"Medium Risk"
"DL00417","O00615","OnTime",1.66966416777778,0,4.08,"Low Risk"
"DL00418","O00075","OnTime",2.49899911194444,1,5,"Medium Risk"
"DL00419","O00782","OnTime",2.46436698138889,0,5,"Low Risk"
"DL00420","O00412","OnTime",4.10239443194444,0,4.12,"Medium Risk"
"DL00421","O00286","OnTime",5.123089465,1,4.49,"Medium Risk"
"DL00422","O01178","OnTime",0.417667896944444,0,4.88,"Low Risk"
"DL00423","O01245","OnTime",NA,1,4.11,"Medium Risk"
"DL00424","O00503","OnTime",2.81438161277778,1,5,"Medium Risk"
"DL00425","O00564","OnTime",11.2149444636111,1,4.82,"High Risk"
"DL00426","O00814","OnTime",9.72447511833333,1,4.57,"High Risk"
"DL00427","O00414","OnTime",2.76521210805556,0,3.92,"Low Risk"
"DL00428","O00496","OnTime",3.10185806083333,0,4.32,"Medium Risk"
"DL00429","O00738","Delayed",11.5267743577778,3,2.92,"High Risk"
"DL00430","O00779","OnTime",21.8774108277778,0,5,"High Risk"
"DL00431","O00737","OnTime",0.417177745833333,1,4.7,"Medium Risk"
"DL00432","O00658","Failed",16.6364849258333,0,4.06,"High Risk"
"DL00433","O00148","OnTime",0.0815736041666667,2,2.92,"High Risk"
"DL00434","O00395","Delayed",7.26540598055556,0,3.34,"High Risk"
"DL00435","O00198","OnTime",3.65022823888889,0,5,"Medium Risk"
"DL00436","O01063","OnTime",12.8254776311111,0,4,"High Risk"
"DL00437","O01223","OnTime",11.5083739494444,0,4.8,"High Risk"
"DL00438","O00992","Failed",17.0077410872222,1,3.12,"High Risk"
"DL00439","O00983","Delayed",11.2465096463889,1,3.68,"High Risk"
"DL00440","O00758","Delayed",9.05208422194444,4,3.54,"High Risk"
"DL00441","O00014","OnTime",3.01232111694444,0,4.7,"Medium Risk"
"DL00442","O01090","OnTime",22.0056965233333,1,4.98,"High Risk"
"DL00443","O01170","OnTime",7.4532120025,0,3.34,"High Risk"
"DL00444","O01221","Failed",16.8515434166667,0,3,"High Risk"
"DL00445","O00055","Delayed",4.09265029305556,0,3.55,"Medium Risk"
"DL00446","O00903","Delayed",5.95980852722222,1,2.26,"High Risk"
"DL00447","O00812","OnTime",21.0355333188889,1,4.55,"High Risk"
"DL00448","O01033","OnTime",NA,0,4.65,"Low Risk"
"DL00449","O00454","OnTime",12.8450139833333,0,4.58,"High Risk"
"DL00450","O01161","Failed",21.0969125047222,1,3.99,"High Risk"
"DL00451","O01188","OnTime",0.348204265277778,0,3.58,"Low Risk"
"DL00452","O00468","OnTime",1.16355500722222,1,3.65,"Medium Risk"
"DL00453","O00248","OnTime",4.96771508805556,1,NA,"Medium Risk"
"DL00454","O00408","OnTime",21.6971507538889,0,3.94,"High Risk"
"DL00455","O00914","OnTime",4.07980152388889,1,4.14,"Medium Risk"
"DL00456","O00157","OnTime",2.01738739361111,0,4.83,"Low Risk"
"DL00457","O00092","OnTime",2.91098639277778,2,4.55,"Medium Risk"
"DL00458","O00172","Delayed",14.7917842166667,0,3.34,"High Risk"
"DL00459","O00831","Failed",10.6760265305556,2,2.73,"High Risk"
"DL00460","O00522","OnTime",25.0901011327778,1,3.86,"High Risk"
"DL00461","O00862","OnTime",1.63965751055556,0,4.06,"Low Risk"
"DL00462","O00099","OnTime",9.43488678472222,4,4.99,"High Risk"
"DL00463","O00271","OnTime",2.89441825388889,0,3.56,"Low Risk"
"DL00464","O01124","OnTime",1.79100231888889,0,3.76,"Low Risk"
"DL00465","O00820","OnTime",4.44287547027778,0,4.84,"Medium Risk"
"DL00466","O00183","OnTime",NA,0,5,"Low Risk"
"DL00467","O00511","OnTime",20.6483048391667,1,3.76,"High Risk"
"DL00468","O00519","OnTime",NA,0,3.78,"Low Risk"
"DL00469","O00458","Delayed",26.2029072730556,0,3.8,"High Risk"
"DL00470","O00562","OnTime",4.1076933025,2,3.97,"Medium Risk"
"DL00471","O01049","OnTime",9.54822257694445,1,4.21,"High Risk"
"DL00472","O00042","Delayed",37.1008640605556,0,3.59,"High Risk"
"DL00473","O00180","OnTime",21.552264015,7,4.01,"High Risk"
"DL00474","O00067","OnTime",3.470547125,0,4.36,"Medium Risk"
"DL00475","O01121","OnTime",9.00982183166667,2,4.29,"High Risk"
"DL00476","O00849","Delayed",14.1880834558333,1,4.07,"High Risk"
"DL00477","O00613","Delayed",11.8365584041667,1,NA,"High Risk"
"DL00478","O00947","Delayed",10.3245022755556,2,1.46,"High Risk"
"DL00479","O00533","Delayed",16.7128551430556,0,1,"High Risk"
"DL00480","O00978","OnTime",18.8014850080556,0,4.53,"High Risk"
"DL00481","O01095","OnTime",3.23553616305556,1,3.89,"Medium Risk"
"DL00482","O00777","Failed",22.1781122116667,1,2.32,"High Risk"
"DL00483","O00036","Delayed",6.01695873222222,0,4.57,"High Risk"
"DL00484","O00437","OnTime",5.809637875,2,3.95,"Medium Risk"
"DL00485","O00449","OnTime",NA,1,1.99,"High Risk"
"DL00486","O00306","Failed",12.8158857261111,0,4.61,"High Risk"
"DL00487","O01111","OnTime",4.12603884111111,0,4.26,"Medium Risk"
"DL00488","O01053","OnTime",4.35337429722222,0,NA,"Medium Risk"
"DL00489","O00911","OnTime",1.28477847166667,1,3.28,"Medium Risk"
"DL00490","O00701","Failed",22.5047785322222,1,4.24,"High Risk"
"DL00491","O00181","OnTime",1.2579818925,3,4.46,"High Risk"
"DL00492","O00035","Failed",14.0297276811111,0,1.99,"High Risk"
"DL00493","O00803","OnTime",3.10148069361111,0,4.83,"Medium Risk"
"DL00494","O00322","OnTime",2.83716023805556,2,4.29,"Medium Risk"
"DL00495","O01189","OnTime",2.56991404138889,2,4.94,"Medium Risk"
"DL00496","O00622","OnTime",21.8356259455556,2,4.18,"High Risk"
"DL00497","O00192","Failed",37.2933806227778,1,3.23,"High Risk"
"DL00498","O01205","OnTime",2.84509015388889,0,3.75,"Low Risk"
"DL00499","O01144","Delayed",18.6296640527778,0,3.5,"High Risk"
"DL00500","O00556","OnTime",2.03754810666667,1,3.72,"Medium Risk"
"DL00501","O01211","OnTime",23.8909915705556,0,4.47,"High Risk"
"DL00502","O01190","OnTime",5.02238320972222,3,3.78,"High Risk"
"DL00503","O00760","OnTime",21.3392158425,0,3.97,"High Risk"
"DL00504","O00679","OnTime",22.1127839886111,1,5,"High Risk"
"DL00505","O00833","Failed",15.6604446916667,3,2.71,"High Risk"
"DL00506","O00094","Delayed",13.0524373472222,2,3.11,"High Risk"
"DL00507","O00396","Delayed",NA,2,2.53,"High Risk"
"DL00508","O00161","OnTime",11.5395163841667,0,4.66,"High Risk"
"DL00509","O00719","Delayed",10.0865572763889,0,1,"High Risk"
"DL00510","O00359","OnTime",21.5888507072222,0,4.04,"High Risk"
"DL00511","O01237","Delayed",19.7790367458333,0,1.37,"High Risk"
"DL00512","O00224","Delayed",33.6749027541667,3,3.51,"High Risk"
"DL00513","O00420","Delayed",11.6703226069444,0,3.75,"High Risk"
"DL00514","O01250","Delayed",5.59778885472222,3,2.35,"High Risk"
"DL00515","O00619","Failed",9.34393568027778,3,3.24,"High Risk"
"DL00516","O00337","Delayed",10.1783993697222,2,1.57,"High Risk"
"DL00517","O00509","OnTime",0.540660265,4,4.99,"High Risk"
"DL00518","O00984","OnTime",4.45758076722222,0,4.92,"Medium Risk"
"DL00519","O00446","OnTime",7.20661824777778,2,NA,"High Risk"
"DL00520","O00429","Delayed",10.4241234138889,1,3.03,"High Risk"
"DL00521","O00606","Failed",NA,2,2.51,"High Risk"
"DL00522","O00296","OnTime",5.22523853222222,0,4.54,"Medium Risk"
"DL00523","O00714","OnTime",20.8861815863889,1,4.12,"High Risk"
"DL00524","O00683","OnTime",6.84364985944444,2,4.83,"High Risk"
"DL00525","O00351","OnTime",0.6407822,2,4.04,"Medium Risk"
"DL00526","O01045","Delayed",12.6431965094444,0,4.34,"High Risk"
"DL00527","O00913","OnTime",5.12330069194444,1,4.58,"Medium Risk"
"DL00528","O00826","OnTime",5.30502955277778,2,4.66,"Medium Risk"
"DL00529","O00822","Failed",12.1514232683333,0,2.64,"High Risk"
"DL00530","O00756","Failed",39.5657889613889,2,2.54,"High Risk"
"DL00531","O00140","OnTime",0.887325290277778,0,3.95,"Low Risk"
"DL00532","O00315","OnTime",5.48410002361111,1,4.55,"Medium Risk"
"DL00533","O00543","Failed",12.0499889861111,2,2.69,"High Risk"
"DL00534","O00816","OnTime",13.9215710947222,0,3.81,"High Risk"
"DL00535","O01058","OnTime",1.38998099055556,3,3.15,"High Risk"
"DL00536","O01184","Failed",28.4113677169444,2,1.07,"High Risk"
"DL00537","O00083","OnTime",0.537123700277778,1,3.67,"Medium Risk"
"DL00538","O00682","Delayed",8.51744335222222,0,2.66,"High Risk"
"DL00539","O01160","OnTime",2.05047563055556,0,4.95,"Low Risk"
"DL00540","O00068","Delayed",3.39147690305556,2,3.21,"Medium Risk"
"DL00541","O01142","OnTime",22.3024724427778,1,3.89,"High Risk"
"DL00542","O00415","OnTime",3.03168509972222,0,4.19,"Medium Risk"
"DL00543","O00218","OnTime",0.180401756111111,0,5,"Low Risk"
"DL00544","O00345","Delayed",15.1251732583333,2,3.17,"High Risk"
"DL00545","O01067","Delayed",19.4441013836111,0,5,"High Risk"
"DL00546","O00324","OnTime",NA,2,4.11,"Medium Risk"
"DL00547","O00778","OnTime",1.95096546166667,0,4.93,"Low Risk"
"DL00548","O00537","Failed",7.89486756083333,1,3.34,"High Risk"
"DL00549","O00476","OnTime",22.0061345963889,0,4.67,"High Risk"
"DL00550","O00572","OnTime",3.58113042527778,2,4.69,"Medium Risk"
"DL00551","O00448","OnTime",3.10698308416667,3,4.79,"High Risk"
"DL00552","O00298","OnTime",2.23021432666667,1,4.8,"Medium Risk"
"DL00553","O00491","OnTime",NA,2,4.66,"Medium Risk"
"DL00554","O00709","OnTime",10.971158605,1,4.69,"High Risk"
"DL00555","O00839","OnTime",3.31353325083333,2,3.97,"Medium Risk"
"DL00556","O00702","OnTime",1.33231064,0,3.91,"Low Risk"
"DL00557","O00781","OnTime",10.5243567086111,2,5,"High Risk"
"DL00558","O00142","Failed",15.1740332252778,1,1,"High Risk"
"DL00559","O00988","Failed",19.9058844338889,2,1.92,"High Risk"
"DL00560","O00077","OnTime",3.42582793166667,2,4.38,"Medium Risk"
"DL00561","O00086","OnTime",NA,2,3.5,"Medium Risk"
"DL00562","O00746","OnTime",4.49038885722222,0,3.98,"Medium Risk"
"DL00563","O01238","OnTime",13.2320948463889,1,5,"High Risk"
"DL00564","O00824","OnTime",9.03854678027778,0,4.18,"High Risk"
"DL00565","O00344","OnTime",2.02062417888889,2,3.82,"Medium Risk"
"DL00566","O01226","OnTime",7.13726935861111,1,3.7,"High Risk"
"DL00567","O00918","OnTime",0.674463563333333,0,4.8,"Low Risk"
"DL00568","O00244","OnTime",NA,0,5,"Low Risk"
"DL00569","O00312","OnTime",4.25828391055555,1,4.56,"Medium Risk"
"DL00570","O00319","OnTime",20.5377491302778,1,5,"High Risk"
"DL00571","O00413","OnTime",4.67537729916667,3,4.5,"High Risk"
"DL00572","O00905","OnTime",3.24351062694444,3,3.96,"High Risk"
"DL00573","O01214","OnTime",1.80088030027778,1,5,"Medium Risk"
"DL00574","O00693","Failed",15.5891798788889,1,4.63,"High Risk"
"DL00575","O01177","OnTime",11.7907038413889,2,4.05,"High Risk"
"DL00576","O00483","Failed",14.9827695205556,1,5,"High Risk"
"DL00577","O00973","OnTime",0.212121516944444,1,3.86,"Medium Risk"
"DL00578","O00115","OnTime",5.76473786166667,0,4.55,"Medium Risk"
"DL00579","O00168","Delayed",15.778133315,1,3.78,"High Risk"
"DL00580","O00063","OnTime",10.2550676055556,1,4.99,"High Risk"
"DL00581","O00995","OnTime",24.2379459769444,4,3.48,"High Risk"
"DL00582","O00765","Failed",19.9966731811111,2,2.4,"High Risk"
"DL00583","O00064","OnTime",13.1214500880556,1,4.53,"High Risk"
"DL00584","O00588","OnTime",1.16141677027778,1,3.7,"Medium Risk"
"DL00585","O00132","Delayed",12.7970809983333,1,3.52,"High Risk"
"DL00586","O01037","OnTime",7.44171201388889,0,3.51,"High Risk"
"DL00587","O00182","OnTime",2.79482343388889,1,4.15,"Medium Risk"
"DL00588","O00896","Failed",16.1231886688889,1,3.18,"High Risk"
"DL00589","O00940","Delayed",14.307000435,1,1.93,"High Risk"
"DL00590","O00229","Delayed",16.1963168475,4,3.44,"High Risk"
"DL00591","O00792","OnTime",4.35396315972222,1,3.22,"Medium Risk"
"DL00592","O00526","OnTime",3.26215792888889,2,4.58,"Medium Risk"
"DL00593","O01174","OnTime",7.15360448861111,3,5,"High Risk"
"DL00594","O00267","OnTime",5.48845338527778,0,4.02,"Medium Risk"
"DL00595","O01243","OnTime",9.11769167416667,2,4.84,"High Risk"
"DL00596","O00427","OnTime",NA,0,4.1,"Low Risk"
"DL00597","O00428","OnTime",NA,0,4.12,"Low Risk"
"DL00598","O00753","OnTime",1.49227531055556,1,4.66,"Medium Risk"
"DL00599","O01150","OnTime",1.31129716805556,0,5,"Low Risk"
"DL00600","O01099","OnTime",23.3961994844444,1,3.91,"High Risk"
"DL00601","O00538","OnTime",NA,1,3,"Medium Risk"
"DL00602","O00318","Delayed",10.6151902916667,1,2.86,"High Risk"
"DL00603","O00194","OnTime",NA,2,4.17,"Medium Risk"
"DL00604","O00294","OnTime",1.891555305,1,4.67,"Medium Risk"
"DL00605","O00200","OnTime",4.73361574527778,0,4.59,"Medium Risk"
"DL00606","O00012","OnTime",10.0095283511111,0,4.12,"High Risk"
"DL00607","O00473","OnTime",NA,0,4.72,"Low Risk"
"DL00608","O00357","OnTime",0.0225647536111111,2,4.24,"Medium Risk"
"DL00609","O00934","Failed",15.6900592041667,3,2.25,"High Risk"
"DL00610","O00259","OnTime",23.5952222713889,2,5,"High Risk"
"DL00611","O00243","OnTime",3.75575478527778,1,3.99,"Medium Risk"
"DL00612","O00327","OnTime",0.315763395,1,4.42,"Medium Risk"
"DL00613","O00361","OnTime",NA,2,4.93,"Medium Risk"
"DL00614","O00179","OnTime",10.7972129127778,4,3.86,"High Risk"
"DL00615","O00627","Delayed",16.2523710138889,2,NA,"High Risk"
"DL00616","O01068","Delayed",7.05038749,0,2.32,"High Risk"
"DL00617","O01023","OnTime",3.25069529833333,0,4.33,"Medium Risk"
"DL00618","O01159","OnTime",21.6415942972222,2,4.62,"High Risk"
"DL00619","O00589","Failed",21.7007437477778,0,3.44,"High Risk"
"DL00620","O00642","OnTime",3.09092708194444,0,5,"Medium Risk"
"DL00621","O00838","OnTime",2.4797496725,1,5,"Medium Risk"
"DL00622","O00939","OnTime",9.05114305333333,1,5,"High Risk"
"DL00623","O00751","OnTime",3.64031444638889,2,3.82,"Medium Risk"
"DL00624","O00486","OnTime",1.61794176333333,0,NA,"Low Risk"
"DL00625","O00980","Delayed",15.9691902661111,1,1.83,"High Risk"
"DL00626","O00088","OnTime",25.5763558463889,1,4.57,"High Risk"
"DL00627","O00695","OnTime",3.71528422805556,0,4.25,"Medium Risk"
"DL00628","O00166","Delayed",5.96293585611111,1,4.06,"Medium Risk"
"DL00629","O00987","OnTime",21.8285715736111,1,3.96,"High Risk"
"DL00630","O00342","OnTime",4.09313236611111,0,3.97,"Medium Risk"
"DL00631","O01083","Delayed",13.5606848783333,1,2.82,"High Risk"
"DL00632","O00498","Delayed",11.3049051669444,0,1.74,"High Risk"
"DL00633","O00272","OnTime",22.5422394502778,2,4.06,"High Risk"
"DL00634","O00245","Delayed",10.2308368344444,1,2.3,"High Risk"
"DL00635","O00516","Failed",8.67927638444444,1,3.18,"High Risk"
"DL00636","O00880","OnTime",23.35803509,2,3.89,"High Risk"
"DL00637","O01069","OnTime",8.41593162694444,0,3.8,"High Risk"
"DL00638","O00749","Delayed",11.3108278225,0,4.22,"High Risk"
"DL00639","O00090","OnTime",3.06558492277778,0,4.45,"Medium Risk"
"DL00640","O00840","OnTime",3.94098190333333,2,5,"Medium Risk"
"DL00641","O00955","Failed",17.2568159363889,0,2.54,"High Risk"
"DL00642","O00212","OnTime",3.56218704222222,1,4.48,"Medium Risk"
"DL00643","O00926","OnTime",12.3142906263889,2,4.5,"High Risk"
"DL00644","O00585","Failed",11.6032633611111,0,3.11,"High Risk"
"DL00645","O00158","Failed",28.9535260436111,2,2.77,"High Risk"
"DL00646","O00707","OnTime",4.40572551333333,0,4.38,"Medium Risk"
"DL00647","O00550","OnTime",21.3531013238889,1,4.52,"High Risk"
"DL00648","O00551","OnTime",3.12508190055556,0,4.43,"Medium Risk"
"DL00649","O00110","OnTime",1.61005333694444,1,5,"Medium Risk"
"DL00650","O00106","OnTime",4.81494549944444,0,4.26,"Medium Risk"
"DL00651","O00107","Delayed",9.79418635972222,1,3.71,"High Risk"
"DL00652","O00928","OnTime",21.6144886069444,1,3.65,"High Risk"
"DL00653","O00076","Delayed",9.77850274138889,3,2.71,"High Risk"
"DL00654","O00897","Failed",NA,0,2.92,"High Risk"
"DL00655","O01222","OnTime",9.15049248027778,1,4.66,"High Risk"
"DL00656","O00747","OnTime",NA,0,NA,"Low Risk"
"DL00657","O00674","Failed",15.4425333380556,2,1.95,"High Risk"
"DL00658","O01123","Failed",34.8244081586111,1,4.41,"High Risk"
"DL00659","O00308","OnTime",10.9249836772222,2,4.31,"High Risk"
"DL00660","O00016","OnTime",3.1508451375,2,3.36,"Medium Risk"
"DL00661","O01038","OnTime",4.45721411055556,2,4.41,"Medium Risk"
"DL00662","O00365","OnTime",1.24511323611111,0,4.62,"Low Risk"
"DL00663","O00865","OnTime",3.02763981583333,1,3.19,"Medium Risk"
"DL00664","O00430","Failed",16.45267777,1,3.36,"High Risk"
"DL00665","O00268","Delayed",3.61981150638889,3,2.49,"High Risk"
"DL00666","O00350","OnTime",1.69786183138889,0,4.67,"Low Risk"
"DL00667","O01088","OnTime",3.36914226861111,1,4.8,"Medium Risk"
"DL00668","O01140","OnTime",6.57093667861111,0,4.57,"High Risk"
"DL00669","O01235","OnTime",NA,0,3.31,"Low Risk"
"DL00670","O01248","OnTime",20.3337217288889,1,4.28,"High Risk"
"DL00671","O00005","OnTime",11.7000130783333,1,4.38,"High Risk"
"DL00672","O00017","OnTime",20.7310033805556,5,4.94,"High Risk"
"DL00673","O00651","OnTime",3.53283043777778,0,4.71,"Medium Risk"
"DL00674","O00456","OnTime",2.38470863083333,1,4.96,"Medium Risk"
"DL00675","O00436","OnTime",NA,3,3.5,"High Risk"
"DL00676","O00515","OnTime",3.58989140638889,1,3.87,"Medium Risk"
"DL00677","O00528","OnTime",9.66426931388889,2,3.82,"High Risk"
"DL00678","O00441","OnTime",10.7235162816667,0,4.29,"High Risk"
"DL00679","O01122","Delayed",18.3017138008333,2,2.15,"High Risk"
"DL00680","O01148","OnTime",23.4077281519444,0,4.49,"High Risk"
"DL00681","O01197","Delayed",26.9981097558333,0,1.97,"High Risk"
"DL00682","O00264","OnTime",5.31713125388889,0,5,"Medium Risk"
"DL00683","O00560","Delayed",14.5554040725,0,2.52,"High Risk"
"DL00684","O00986","Delayed",31.9749165702778,1,3.71,"High Risk"
"DL00685","O00113","Failed",17.0890859369444,1,2.68,"High Risk"
"DL00686","O00523","OnTime",4.27705036277778,3,5,"High Risk"
"DL00687","O00328","OnTime",NA,2,5,"Medium Risk"
"DL00688","O00385","OnTime",0.751591565277778,0,4.16,"Low Risk"
"DL00689","O00165","OnTime",21.5275565522222,1,4.14,"High Risk"
"DL00690","O00129","Failed",29.1839113236111,0,2.59,"High Risk"
"DL00691","O00022","Delayed",19.8985098136111,0,4.36,"High Risk"
"DL00692","O00176","OnTime",0.434181455833333,0,3.65,"Low Risk"
"DL00693","O00154","Delayed",17.6264853069444,0,2.62,"High Risk"
"DL00694","O00457","Failed",23.2973189841667,0,1.68,"High Risk"
"DL00695","O00195","Delayed",14.2647976330556,1,3.49,"High Risk"
"DL00696","O01210","OnTime",0.192235823611111,2,3.18,"Medium Risk"
"DL00697","O00117","OnTime",11.2216824383333,1,5,"High Risk"
"DL00698","O00882","Failed",10.2007365433333,0,3.6,"High Risk"
"DL00699","O00388","OnTime",3.67007575666667,1,4.11,"Medium Risk"
"DL00700","O00027","OnTime",4.47635009305556,1,5,"Medium Risk"
"DL00701","O00440","Failed",29.4067868288889,0,5,"High Risk"
"DL00702","O00143","OnTime",24.1931279675,2,4.86,"High Risk"
"DL00703","O01098","Delayed",6.18105066277778,1,2.82,"High Risk"
"DL00704","O01009","OnTime",0.615279176666667,0,4.35,"Low Risk"
"DL00705","O00084","Failed",20.7520659244444,2,4.04,"High Risk"
"DL00706","O00625","OnTime",23.4063941722222,0,4.37,"High Risk"
"DL00707","O00514","OnTime",NA,1,4.15,"Medium Risk"
"DL00708","O00323","OnTime",4.97789522444444,1,4.49,"Medium Risk"
"DL00709","O00580","Delayed",2.50476948694444,1,4.39,"Medium Risk"
"DL00710","O00262","OnTime",1.17701992333333,2,4.12,"Medium Risk"
"DL00711","O00484","OnTime",22.9348274313889,3,3.77,"High Risk"
"DL00712","O01056","Delayed",10.4653961530556,1,4.95,"High Risk"
"DL00713","O00728","OnTime",22.2072832038889,0,4.63,"High Risk"
"DL00714","O00078","OnTime",5.69399498,0,4.53,"Medium Risk"
"DL00715","O00621","Delayed",20.3168911636111,2,4.05,"High Risk"
"DL00716","O00221","OnTime",10.0689881541667,1,3.66,"High Risk"
"DL00717","O00530","Delayed",8.21782981083333,3,4.26,"High Risk"
"DL00718","O00945","Delayed",14.6733529416667,0,2.3,"High Risk"
"DL00719","O00138","Delayed",5.2293941325,1,3.88,"Medium Risk"
"DL00720","O01179","Delayed",11.3714615397222,1,3,"High Risk"
"DL00721","O00742","Delayed",14.6513105847222,1,3.51,"High Risk"
"DL00722","O00289","OnTime",21.9057327419444,0,4.24,"High Risk"
"DL00723","O00477","Delayed",10.6645781333333,2,3.25,"High Risk"
"DL00724","O00024","OnTime",2.6362194125,0,4.76,"Low Risk"
"DL00725","O01115","Failed",16.3411057269444,1,2.1,"High Risk"
"DL00726","O00085","OnTime",2.14352722777778,0,5,"Low Risk"
"DL00727","O00520","Delayed",7.51956179444444,0,3.43,"High Risk"
"DL00728","O00951","Delayed",9.94703430805556,0,4.54,"High Risk"
"DL00729","O00638","OnTime",3.94623872805556,1,4.2,"Medium Risk"
"DL00730","O00191","OnTime",11.2496366594444,1,4.06,"High Risk"
"DL00731","O00386","Failed",17.9056973255556,3,3.05,"High Risk"
"DL00732","O00748","Failed",32.3593961480556,1,3.55,"High Risk"
"DL00733","O00252","OnTime",1.42686816444444,0,3.48,"Low Risk"
"DL00734","O00317","OnTime",5.82546929305556,0,3.99,"Medium Risk"
"DL00735","O00190","OnTime",NA,0,3.68,"Low Risk"
"DL00736","O00732","Failed",16.4703610569444,0,2.19,"High Risk"
"DL00737","O00247","OnTime",2.35880018138889,1,4.03,"Medium Risk"
"DL00738","O01163","Delayed",12.7909330041667,0,3.63,"High Risk"
"DL00739","O00644","Delayed",14.3287193297222,1,3.28,"High Risk"
"DL00740","O00889","OnTime",2.33159956777778,0,3.98,"Low Risk"
"DL00741","O00689","Delayed",6.18768789694444,1,1.65,"High Risk"
"DL00742","O00326","Delayed",16.8994912777778,0,2.51,"High Risk"
"DL00743","O00171","OnTime",0.0490492416666667,0,5,"Low Risk"
"DL00744","O00899","Delayed",13.7985627272222,5,1.64,"High Risk"
"DL00745","O00333","Failed",16.6819101427778,0,4.29,"High Risk"
"DL00746","O00431","OnTime",3.56208262277778,1,3.32,"Medium Risk"
"DL00747","O00482","OnTime",4.37793286638889,1,4.27,"Medium Risk"
"DL00748","O00741","Delayed",13.4382435961111,1,NA,"High Risk"
"DL00749","O01036","OnTime",2.86307422,1,4.27,"Medium Risk"
"DL00750","O00976","Delayed",27.1991593505556,0,2.64,"High Risk"
"DL00751","O00234","OnTime",4.76788798277778,0,5,"Medium Risk"
"DL00752","O00020","OnTime",NA,1,4.33,"Medium Risk"
"DL00753","O01139","OnTime",7.56005537416667,1,4.6,"High Risk"
"DL00754","O00605","OnTime",NA,1,4.18,"Medium Risk"
"DL00755","O01073","Delayed",16.1984748516667,1,2.22,"High Risk"
"DL00756","O00112","OnTime",NA,3,3.11,"High Risk"
"DL00757","O00074","Delayed",7.06958200805556,1,5,"High Risk"
"DL00758","O01126","Delayed",15.7961741836111,4,2.72,"High Risk"
"DL00759","O01240","OnTime",3.22744920694444,0,4.47,"Medium Risk"
"DL00760","O00226","OnTime",25.3396328252778,0,4.2,"High Risk"
"DL00761","O00810","OnTime",11.3691606197222,1,3.48,"High Risk"
"DL00762","O00864","OnTime",3.37750318277778,1,3.95,"Medium Risk"
"DL00763","O00837","Failed",35.4301443519444,0,3.96,"High Risk"
"DL00764","O01187","Delayed",8.3111672425,0,2.42,"High Risk"
"DL00765","O00043","OnTime",9.54675719888889,1,4.81,"High Risk"
"DL00766","O00371","Failed",7.91310895611111,0,2.58,"High Risk"
"DL00767","O00948","Delayed",9.58251206722222,2,3.98,"High Risk"
"DL00768","O00800","Delayed",16.1431289713889,0,1.74,"High Risk"
"DL00769","O00957","OnTime",NA,0,3.73,"Low Risk"
"DL00770","O00217","OnTime",21.1394661180556,1,4.21,"High Risk"
"DL00771","O00257","OnTime",3.57392426972222,2,4.78,"Medium Risk"
"DL00772","O01108","OnTime",5.00455797694444,0,4.48,"Medium Risk"
"DL00773","O00080","OnTime",4.35887247527778,0,3.41,"Medium Risk"
"DL00774","O01180","Delayed",13.6260651575,1,4.21,"High Risk"
"DL00775","O00153","Delayed",36.7322366583333,0,2.36,"High Risk"
"DL00776","O00383","OnTime",NA,0,4.41,"Low Risk"
"DL00777","O00316","OnTime",5.60748680833333,0,3.58,"Medium Risk"
"DL00778","O00965","Failed",20.3897446136111,3,2.96,"High Risk"
"DL00779","O01146","OnTime",5.78780554638889,1,4.27,"Medium Risk"
"DL00780","O01202","OnTime",7.15352639833333,0,3.64,"High Risk"
"DL00781","O00871","Failed",21.6710746416667,0,4.6,"High Risk"
"DL00782","O00602","Delayed",18.4120417191667,0,3.47,"High Risk"
"DL00783","O00380","Failed",20.0957822352778,2,1.67,"High Risk"
"DL00784","O00073","Delayed",19.8597661202778,0,2.29,"High Risk"
"DL00785","O00726","OnTime",2.43438355666667,1,4.22,"Medium Risk"
"DL00786","O00232","OnTime",1.9696310925,0,5,"Low Risk"
"DL00787","O00102","OnTime",0.572176149444445,3,4.01,"High Risk"
"DL00788","O00927","Failed",19.2108722922222,0,4.32,"High Risk"
"DL00789","O00536","Failed",24.8476234761111,3,3.03,"High Risk"
"DL00790","O00628","Delayed",15.0987991288889,0,3.68,"High Risk"
"DL00791","O01047","OnTime",2.88385861805556,1,4.67,"Medium Risk"
"DL00792","O00033","Failed",16.9808661347222,1,3.2,"High Risk"
"DL00793","O00095","OnTime",22.8189853711111,2,4.7,"High Risk"
"DL00794","O00265","Delayed",5.16463071944445,1,1.76,"High Risk"
"DL00795","O00151","OnTime",4.09963367888889,0,4.03,"Medium Risk"
"DL00796","O00860","OnTime",0.297020245555556,2,4.08,"Medium Risk"
"DL00797","O00894","Delayed",3.57887272111111,1,3.85,"Medium Risk"
"DL00798","O00850","OnTime",4.42097927083333,2,4.63,"Medium Risk"
"DL00799","O01233","OnTime",NA,1,4.41,"Medium Risk"
"DL00800","O01147","Delayed",12.8128192408333,1,3.41,"High Risk"
"DL00801","O00463","OnTime",2.22417864055556,0,3.78,"Low Risk"
"DL00802","O00691","OnTime",10.4400575175,0,3.79,"High Risk"
"DL00803","O00368","OnTime",2.0542062025,3,3.98,"High Risk"
"DL00804","O00015","OnTime",3.62947213388889,1,3.94,"Medium Risk"
"DL00805","O00215","OnTime",NA,2,4.73,"Medium Risk"
"DL00806","O00128","Delayed",37.6482457547222,2,2.68,"High Risk"
"DL00807","O00089","Failed",7.75388474722222,2,2.8,"High Risk"
"DL00808","O00993","OnTime",22.9152704994444,1,4.77,"High Risk"
"DL00809","O01071","Delayed",16.4627474436111,1,4.41,"High Risk"
"DL00810","O00116","OnTime",2.61027471388889,0,5,"Low Risk"
"DL00811","O00404","OnTime",NA,0,3.16,"Low Risk"
"DL00812","O01016","OnTime",4.88194385472222,4,5,"High Risk"
"DL00813","O00869","OnTime",NA,0,3.56,"Low Risk"
"DL00814","O00471","OnTime",5.26842818972222,0,3.81,"Medium Risk"
"DL00815","O00771","Delayed",8.37237072277778,0,2.94,"High Risk"
"DL00816","O00857","OnTime",NA,1,3.44,"Medium Risk"
"DL00817","O00356","OnTime",1.87489514222222,0,3.25,"Low Risk"
"DL00818","O01000","OnTime",4.56133685194444,1,5,"Medium Risk"
"DL00819","O00892","Delayed",7.08748024111111,2,NA,"High Risk"
"DL00820","O01192","Delayed",8.11496118444444,2,3.07,"High Risk"
"DL00821","O00424","OnTime",11.0882187269444,4,3.85,"High Risk"
"DL00822","O00109","OnTime",3.06626690777778,1,3.13,"Medium Risk"
"DL00823","O00655","Failed",13.2650903908333,1,1.91,"High Risk"
"DL00824","O00369","Failed",13.0471609138889,2,4.45,"High Risk"
"DL00825","O01004","Failed",6.26023923138889,0,2.26,"High Risk"
"DL00826","O01087","OnTime",3.13414583,1,3.83,"Medium Risk"
"DL00827","O00079","OnTime",0.172168875277778,2,4.87,"Medium Risk"
"DL00828","O00879","OnTime",0.47547751,0,4.79,"Low Risk"
"DL00829","O00426","OnTime",1.14874820555556,2,3.83,"Medium Risk"
"DL00830","O01114","OnTime",NA,2,4.33,"Medium Risk"
"DL00831","O00023","Failed",22.4409576502778,0,2.38,"High Risk"
"DL00832","O01143","Failed",10.2949348011111,0,4.27,"High Risk"
"DL00833","O00712","OnTime",2.29886746777778,0,4.22,"Low Risk"
"DL00834","O01165","OnTime",5.05470203388889,2,4.58,"Medium Risk"
"DL00835","O00188","Delayed",12.6125470988889,1,2.68,"High Risk"
"DL00836","O00206","Failed",NA,1,2.74,"High Risk"
"DL00837","O01092","OnTime",5.8763776275,0,3.76,"Medium Risk"
"DL00838","O00909","Failed",31.7175628708333,1,2.31,"High Risk"
"DL00839","O00566","Failed",12.6234905311111,2,1.65,"High Risk"
"DL00840","O01162","OnTime",NA,0,4.18,"Low Risk"
"DL00841","O00733","OnTime",2.87205510083333,1,3.39,"Medium Risk"
"DL00842","O00405","OnTime",4.2208814175,1,3.88,"Medium Risk"
"DL00843","O00804","OnTime",22.7044933188889,1,4.66,"High Risk"
"DL00844","O00991","OnTime",NA,1,4.63,"Medium Risk"
"DL00845","O01218","OnTime",1.98731309416667,2,4.64,"Medium Risk"
"DL00846","O01118","OnTime",4.071510635,0,4.01,"Medium Risk"
"DL00847","O00134","OnTime",5.20274175305556,0,4.09,"Medium Risk"
"DL00848","O00633","OnTime",1.54522022027778,3,3.93,"High Risk"
"DL00849","O00169","OnTime",0.468712081666667,2,4.31,"Medium Risk"
"DL00850","O00444","OnTime",3.66104974722222,4,4.32,"High Risk"
"DL00851","O01022","Delayed",28.4135304722222,0,3.21,"High Risk"
"DL00852","O00974","OnTime",2.07516550916667,1,4.65,"Medium Risk"
"DL00853","O00178","OnTime",3.60508391027778,3,4.19,"High Risk"
"DL00854","O00954","Delayed",5.212864135,0,3.2,"Medium Risk"
"DL00855","O00409","Delayed",21.1983522205556,0,3.36,"High Risk"
"DL00856","O00223","OnTime",1.89507992472222,3,3.82,"High Risk"
"DL00857","O00292","Delayed",15.9059242433333,2,2.72,"High Risk"
"DL00858","O01075","OnTime",NA,1,4.34,"Medium Risk"
"DL00859","O00512","Delayed",12.5099388658333,0,5,"High Risk"
"DL00860","O00280","OnTime",13.4021285477778,0,4.76,"High Risk"
"DL00861","O00381","OnTime",21.5874532444444,0,4.91,"High Risk"
"DL00862","O00031","Failed",28.5891325391667,1,1.41,"High Risk"
"DL00863","O00597","OnTime",6.48881473138889,2,3.51,"High Risk"
"DL00864","O00818","OnTime",0.9899621225,0,3.14,"Low Risk"
"DL00865","O00338","OnTime",5.26583482972222,0,3.6,"Medium Risk"
"DL00866","O00969","OnTime",0.508269775833333,0,5,"Low Risk"
"DL00867","O01117","OnTime",1.37976782,4,3.45,"High Risk"
"DL00868","O00452","Failed",12.2351473336111,1,3.69,"High Risk"
"DL00869","O00038","OnTime",0.971295155,2,5,"Medium Risk"
"DL00870","O00650","OnTime",1.71548407111111,2,3.8,"Medium Risk"
"DL00871","O00715","OnTime",4.73003388861111,0,4.03,"Medium Risk"
"DL00872","O00144","Delayed",7.49073417638889,1,3.54,"High Risk"
"DL00873","O00401","OnTime",21.519085465,0,3.77,"High Risk"
"DL00874","O01012","Delayed",10.4571071913889,0,2.81,"High Risk"
"DL00875","O00189","OnTime",6.41778733888889,0,4.44,"High Risk"
"DL00876","O00609","OnTime",12.0393628769444,0,4.72,"High Risk"
"DL00877","O01193","OnTime",7.31922617694444,0,4.08,"High Risk"
"DL00878","O00629","OnTime",2.35384793083333,0,4.7,"Low Risk"
"DL00879","O00139","Delayed",8.27323951916667,1,3.94,"High Risk"
"DL00880","O00273","OnTime",23.2985033172222,0,4.49,"High Risk"
"DL00881","O00632","Delayed",6.82311319277778,5,3.32,"High Risk"
"DL00882","O01151","OnTime",12.4787534363889,0,4.76,"High Risk"
"DL00883","O00917","Delayed",15.4596158361111,0,2.31,"High Risk"
"DL00884","O00407","OnTime",11.0839738438889,1,4.81,"High Risk"
"DL00885","O00675","OnTime",23.40282052,0,4.37,"High Risk"
"DL00886","O00968","Delayed",12.0785130188889,2,3.45,"High Risk"
"DL00887","O00577","OnTime",2.09068532083333,0,4.18,"Low Risk"
"DL00888","O01129","Failed",23.6262834325,2,3.61,"High Risk"
"DL00889","O01172","Failed",11.8321080191667,0,4.37,"High Risk"
"DL00890","O00384","Delayed",10.0951451816667,0,3.51,"High Risk"
"DL00891","O00963","OnTime",22.8945044183333,0,4.61,"High Risk"
"DL00892","O00392","OnTime",2.05950033166667,1,4.42,"Medium Risk"
"DL00893","O00981","Delayed",33.0537581475,1,4.52,"High Risk"
"DL00894","O00724","Delayed",12.7036538252778,0,2.58,"High Risk"
"DL00895","O01157","OnTime",NA,1,4.43,"Medium Risk"
"DL00896","O00177","OnTime",4.33198613444444,1,4.39,"Medium Risk"
"DL00897","O00672","OnTime",23.8953676502778,2,4.06,"High Risk"
"DL00898","O00283","Delayed",9.67268693111111,3,3.85,"High Risk"
"DL00899","O00549","OnTime",7.81712690222222,2,3.72,"High Risk"
"DL00900","O00199","OnTime",11.9248039147222,0,5,"High Risk"
"DL00901","O00730","OnTime",NA,1,3.7,"Medium Risk"
"DL00902","O00018","OnTime",3.94439809777778,0,5,"Medium Risk"
"DL00903","O00130","OnTime",2.54771094722222,4,3.42,"High Risk"
"DL00904","O01102","OnTime",3.39357006138889,0,4.79,"Medium Risk"
"DL00905","O01020","Delayed",8.57492623277778,1,3.81,"High Risk"
"DL00906","O01229","Failed",8.55809850166667,1,2.35,"High Risk"
"DL00907","O00884","OnTime",5.36877209611111,0,3.59,"Medium Risk"
"DL00908","O00145","OnTime",10.1079343297222,1,5,"High Risk"
"DL00909","O01204","Delayed",2.50593288527778,2,2.77,"High Risk"
"DL00910","O01002","Delayed",13.3447416847222,1,4.05,"High Risk"
"DL00911","O00806","OnTime",8.81377242694444,0,4.33,"High Risk"
"DL00912","O00355","Delayed",15.7858166722222,2,3.69,"High Risk"
"DL00913","O00239","OnTime",5.83722362083333,1,3.49,"Medium Risk"
"DL00914","O00270","OnTime",0.9639719825,0,4.41,"Low Risk"
"DL00915","O00873","OnTime",4.57130253138889,0,3.99,"Medium Risk"
"DL00916","O01100","OnTime",0.194898891666667,1,4.95,"Medium Risk"
"DL00917","O00700","OnTime",3.66996195666667,0,4.06,"Medium Risk"
"DL00918","O00645","OnTime",7.44739763083333,1,4.21,"High Risk"
"DL00919","O00763","OnTime",3.32006605027778,2,5,"Medium Risk"
"DL00920","O00686","Failed",21.0998324313889,1,3.09,"High Risk"
"DL00921","O00332","Failed",23.1767654972222,0,2.34,"High Risk"
"DL00922","O00399","Delayed",3.56366722555556,5,3.39,"High Risk"
"DL00923","O00047","OnTime",0.852358853611111,0,4.7,"Low Risk"
"DL00924","O00717","OnTime",2.69731079222222,0,4.6,"Low Risk"
"DL00925","O00003","Delayed",8.86101240916667,2,3.7,"High Risk"
"DL00926","O00574","OnTime",4.96565969861111,2,4.64,"Medium Risk"
"DL00927","O00335","OnTime",23.6076335202778,0,5,"High Risk"
"DL00928","O00100","Failed",20.8078596072222,0,3.15,"High Risk"
"DL00929","O00935","OnTime",13.545841225,0,4.51,"High Risk"
"DL00930","O00586","OnTime",12.6110977566667,0,NA,"High Risk"
"DL00931","O01171","Failed",17.6223556266667,1,2.2,"High Risk"
"DL00932","O01225","OnTime",23.2895687658333,0,3.18,"High Risk"
"DL00933","O01133","OnTime",24.664053825,1,3.83,"High Risk"
"DL00934","O00775","OnTime",11.6528661402778,0,4.35,"High Risk"
"DL00935","O00211","Failed",12.4586921355556,4,3.9,"High Risk"
"DL00936","O00372","OnTime",NA,2,4.74,"Medium Risk"
"DL00937","O00001","OnTime",2.39893671138889,2,4.29,"Medium Risk"
"DL00938","O01246","Failed",7.43291184138889,0,2.58,"High Risk"
"DL00939","O00417","OnTime",3.71720782972222,0,4.17,"Medium Risk"
"DL00940","O00565","Delayed",5.55202859055556,1,2.58,"High Risk"
"DL00941","O00592","OnTime",2.38924746138889,1,3.8,"Medium Risk"
"DL00942","O01112","Failed",8.1467628825,1,4.06,"High Risk"
"DL00943","O00967","OnTime",4.93778833555556,2,4.57,"Medium Risk"
"DL00944","O00336","OnTime",4.18885394805555,2,4.04,"Medium Risk"
"DL00945","O00197","OnTime",2.37745126944444,1,4.39,"Medium Risk"
"DL00946","O00982","OnTime",NA,1,4.62,"Medium Risk"
"DL00947","O01082","OnTime",21.5279757488889,0,4.13,"High Risk"
"DL00948","O00863","OnTime",9.39176954722222,0,4.82,"High Risk"
"DL00949","O01106","OnTime",9.00880805027778,0,4.05,"High Risk"
"DL00950","O00744","OnTime",4.28920971027778,0,3.8,"Medium Risk"
